{
  "IcoMoonType": "selection",
  "icons": [
    {
      "icon": {
        "paths": [
          "M555.072 673.536l-21.632 283.52c30.912 0 44.288-12.416 60.352-27.264l144.896-129.28 300.16 205.248c55.040 28.608 93.824 13.504 108.672-47.296l197.12-861.824c17.472-75.904-29.44-105.6-83.072-87.040l-1158.208 413.888c-79.040 28.672-77.824 69.76-13.44 88.512l296.128 85.952 687.808-401.664c32.32-20.032 61.76-8.96 37.568 11.072l-556.352 466.24z"
        ],
        "attrs": [
          {
            "fill": "rgb(132, 161, 120)"
          }
        ],
        "width": 1408,
        "isMulticolor": false,
        "isMulticolor2": false,
        "grid": 0,
        "tags": [
          "telegram (1)"
        ]
      },
      "attrs": [
        {
          "fill": "rgb(132, 161, 120)"
        }
      ],
      "properties": {
        "order": 5,
        "id": 2,
        "name": "telegram",
        "prevSize": 32
      },
      "setIdx": 0,
      "setId": 3,
      "iconIdx": 0
    },
    {
      "icon": {
        "paths": [
          "M452.561 511.069h-129.071v475.695h-195.584v-475.695h-92.998v-167.098h92.998v-108.218c0-77.359 36.538-198.516 197.353-198.516l144.849 0.605v162.304h-105.1c-17.222 0-41.519 8.704-41.519 45.615v98.351h146.153l-17.082 167.005z"
        ],
        "attrs": [
          {
            "fill": "rgb(132, 161, 120)"
          }
        ],
        "width": 512,
        "isMulticolor": false,
        "isMulticolor2": false,
        "grid": 0,
        "tags": [
          "Vector (1) (1)"
        ]
      },
      "attrs": [
        {
          "fill": "rgb(132, 161, 120)"
        }
      ],
      "properties": {
        "order": 6,
        "id": 1,
        "name": "facebook",
        "prevSize": 32
      },
      "setIdx": 0,
      "setId": 3,
      "iconIdx": 1
    },
    {
      "icon": {
        "paths": [
          "M512 0c-281.242 0-512 230.758-512 512 0 239.974 168.397 457.984 391.987 512v-169.37c-8.829 2.224-18.965 3.5-29.399 3.5-12.72 0-24.997-1.896-36.564-5.422l0.887 0.233c-30.259-8.909-54.835-29.082-73.114-59.802-11.622-19.61-32.256-40.96-53.76-39.373l-5.274-59.75c46.541-3.994 86.733 28.365 110.592 68.454 10.65 17.869 22.886 28.314 38.554 32.922 15.104 4.506 31.386 2.355 50.33-4.352 4.762-37.939 22.17-52.122 35.328-72.192-133.376-19.866-186.522-90.624-207.616-146.432-27.955-74.189-12.954-166.81 36.454-225.382 0.973-1.126 2.714-4.096 2.048-6.144-22.682-68.506 4.915-125.133 5.939-131.123 26.163 7.68 30.413-7.782 113.664 42.752l14.336 8.653c6.042 3.584 4.096 1.536 10.138 1.024 32.093-9.025 69.032-14.467 107.157-14.998l0.312-0.003c36.352 0.461 72.704 5.632 108.902 15.462l4.659 0.512c-0.41-0.102 1.28-0.307 4.096-1.997 103.936-62.976 100.198-42.394 128.102-51.456 1.024 6.042 28.211 63.59 5.837 131.174-3.072 9.318 90.112 94.618 38.451 231.526-21.094 55.808-74.24 126.618-207.565 146.483 17.101 26.112 37.632 39.936 37.53 93.696v211.405c223.539-54.016 391.987-272.026 391.987-512 0-281.242-230.758-512-512-512z"
        ],
        "attrs": [
          {
            "fill": "rgb(132, 161, 120)"
          }
        ],
        "isMulticolor": false,
        "isMulticolor2": false,
        "grid": 0,
        "tags": [
          "Vector (2)"
        ]
      },
      "attrs": [
        {
          "fill": "rgb(132, 161, 120)"
        }
      ],
      "properties": {
        "order": 7,
        "id": 0,
        "name": "github",
        "prevSize": 32
      },
      "setIdx": 0,
      "setId": 3,
      "iconIdx": 2
    }
  ],
  "height": 1024,
  "preferences": {
    "showGlyphs": true,
    "showQuickUse": true,
    "showQuickUse2": true,
    "showSVGs": true,
    "fontPref": {
      "prefix": "icon-",
      "metadata": {
        "fontFamily": "icomoon"
      },
      "metrics": {
        "emSize": 1024,
        "baseline": 6.25,
        "whitespace": 50
      },
      "embed": false
    },
    "imagePref": {
      "prefix": "icon-",
      "png": true,
      "useClassSelector": true,
      "color": 0,
      "bgColor": 16777215,
      "classSelector": ".icon",
      "name": "icomoon"
    },
    "historySize": 50,
    "showCodes": true,
    "gridSize": 16
  }
}